Ch1,Ch2,Ch3,Ch4,Ch5,Label
0.10428012,-0.04518343,0.001829429,0.021791508,0.09998286,0.56248295
0.24084873,0.30705237,0.38487396,0.23446314,0.12916549,0.2731109
0.34562716,0.5976758,0.6398768,0.4053389,0.25206184,0.23166284
0.43332106,0.9049388,0.85206574,0.56422603,0.33882064,0.36057875
0.56399405,1.05813,1.0105036,0.7075197,0.46087134,0.3662503
0.71008515,1.0134375,1.0203788,0.7838566,0.5722442,0.3245947
0.80937684,0.8288988,0.93251395,0.8524424,0.68026024,0.33006832
0.8572844,0.5154396,0.69891584,0.9869628,0.77353466,0.34969783
0.9139421,0.1452541,0.4258383,1.0062038,0.8478971,0.37017384
0.96419007,-0.20723389,0.10675244,0.9477964,0.89636594,0.40133005
0.9760667,-0.5387595,-0.22004177,0.9025975,0.9310622,0.3935875
0.95430696,-0.7857702,-0.5267042,0.8539375,0.94755703,0.34219816
0.93027365,-0.9318146,-0.78703797,0.75462997,0.96619564,0.37208432
0.8977933,-0.9346134,-0.9720168,0.61754835,0.9896278,0.47993025
0.7437234,-0.8661815,-1.0210394,0.44667712,0.96303314,0.49805248
0.6462185,-0.7022761,-0.90267813,0.2357548,0.95278823,0.44215173
0.62662864,-0.45366126,-0.7565728,0.099408925,0.9207237,0.40347528
0.4144331,0.010540145,-0.5608245,-0.19746798,0.8854996,0.3531427
0.29510126,0.3798055,-0.24438459,-0.3583425,0.81855613,0.4432801
0.15791887,0.69490904,0.07132384,-0.5274022,0.71993387,0.6994132
-0.033937827,0.91641665,0.40406263,-0.6868873,0.6162115,0.7124649
-0.21616538,0.9823698,0.7073615,-0.84477216,0.47198305,0.49626523
-0.32117775,0.9701705,0.9160912,-0.9441444,0.35189727,0.513512
-0.49338236,0.84325385,0.97743416,-0.98534054,0.2498789,0.7060508
-0.6068709,0.57280403,0.9872628,-1.022055,0.1468291,0.5568719
-0.7091118,0.15387997,0.90490025,-1.0443956,0.04867837,0.6557793
-0.8029408,-0.21453199,0.70017624,-0.95216024,-0.05743203,0.6228484
-0.88701844,-0.52453953,0.38041916,-0.913909,-0.1750845,0.6075394
-0.931135,-0.772437,0.055922642,-0.79163164,-0.29167777,0.5770081
-0.9343964,-0.89770645,-0.2681219,-0.63867265,-0.41129506,0.53358877
-0.9937914,-0.9433964,-0.5520328,-0.4784471,-0.513645,0.53972244
-0.9481352,-0.8780192,-0.75746423,-0.3127986,-0.6665593,0.6008224
-0.91593623,-0.6901883,-0.9731371,-0.12502731,-0.73259276,0.5788013
-0.8446507,-0.3521287,-1.0629838,0.07650689,-0.7884068,0.48016948
-0.77007794,-0.012383825,-1.0223985,0.2795314,-0.8481597,0.44115642
-0.6917904,0.3342424,-0.7964462,0.48261848,-0.92156607,0.44098043
-0.51076347,0.6310298,-0.52541745,0.65131646,-0.96597,0.40501454
-0.411374,0.83467937,-0.18486917,0.7774349,-0.9900225,0.35226867
-0.23955499,0.9286483,0.14127208,0.8870587,-1.0046884,0.33328664
-0.05678477,0.915387,0.4214508,0.9684644,-1.0045022,0.3422065
-0.00059694797,0.77367437,0.6809393,0.99422616,-0.99998033,0.36271706
0.20720667,0.4960877,0.9013322,0.9617808,-0.9656574,0.40486
0.34680945,0.16426906,1.0031744,0.923937,-0.9202415,0.45215425
0.49174222,-0.22345631,0.97343385,0.86815685,-0.8538351,0.50378174
0.62429017,-0.55234826,0.8708858,0.7730343,-0.7685359,0.57550913
0.7356538,-0.78897303,0.67099494,0.6439224,-0.6629957,0.66432804
0.8252413,-0.97135645,0.4277404,0.49413517,-0.55061716,0.7178428
0.88638246,-1.0522095,0.09748834,0.32150987,-0.43214467,0.7333333
0.95106816,-0.9619026,-0.27728674,0.12696417,-0.32763797,0.73400533
1.0182163,-0.67543596,-0.59985745,-0.08665692,-0.24328701,0.7058485
1.025134,-0.36002183,-0.8605853,-0.2868189,-0.13101438,0.68295443
0.97954166,-0.018418446,-1.0000585,-0.46069866,0.0049325777,0.6672313
0.91763455,0.34706208,-1.0350479,-0.5984151,0.13999315,0.632882
0.82989156,0.6888162,-0.9262399,-0.7967417,0.26604253,0.58726585
0.74668086,0.93144447,-0.7453112,-0.82090837,0.38870534,0.5505604
0.6417019,1.03926,-0.4791929,-0.9594224,0.4968362,0.55702275
0.5166692,1.0030701,-0.15381768,-0.9856618,0.5983081,0.5647744
0.36484665,0.79844093,0.21728511,-0.9793885,0.68878037,0.59504575
0.20995279,0.5219275,0.5317697,-0.9449325,0.7722758,0.61546314
0.04985871,0.16531055,0.7647061,-0.8778809,0.8484303,0.62462157
-0.069312766,-0.18823375,0.93084526,-0.7649459,0.9100803,0.64605916
-0.25019777,-0.50884914,0.988133,-0.60712755,0.9572107,0.67328537
-0.38899258,-0.7476593,0.96163434,-0.44258544,0.9886128,0.68794376
-0.5206989,-0.8596328,0.8106817,-0.2718842,1.0021257,0.6909864
-0.660875,-0.93869144,0.6172232,-0.1420225,0.9888609,0.6866356
-0.768502,-0.94218385,0.24486442,0.068289965,0.94633085,0.67041713
-0.85262895,-0.75394005,-0.054787546,0.24527489,0.9408014,0.6603409
-0.92107934,-0.3619726,-0.31248966,0.43317658,0.88229424,0.65693784
-0.9590923,0.019655516,-0.6014282,0.6087041,0.83364934,0.63625544
-0.9624617,0.41032234,-0.8823171,0.7683317,0.76850617,0.60098124
-0.9673851,0.7348305,-1.0232573,0.8883855,0.6940758,0.61683196
-0.97140515,0.9369479,-1.0102266,0.95991457,0.6095685,0.6854049
-0.9160492,1.045215,-0.9085853,0.98767966,0.495938,0.5308298
-0.80386543,1.010279,-0.6782278,0.9602574,0.3944525,0.6685846
-0.73578024,0.8648917,-0.40675408,0.9256996,0.27240852,0.62736243
-0.6220165,0.58970165,-0.09801135,0.88336205,0.14459309,0.57527214
-0.49347487,0.2323748,0.21726267,0.796757,0.0066488166,0.708446
-0.3305842,-0.20629498,0.5109624,0.6747255,-0.14072196,0.63142854
-0.20585048,-0.50704694,0.74585986,0.52014726,-0.27553773,0.6613544
-0.03264813,-0.7462762,0.8932873,0.3280879,-0.3956784,0.66812
0.10620958,-0.9028194,0.9641147,0.1398217,-0.4955489,0.6740482
0.2697725,-0.956478,0.9444281,-0.042002082,-0.56716084,0.67807406
0.41016272,-0.8959924,0.8273057,-0.23892713,-0.66887516,0.68488854
0.53686625,-0.70625615,0.60583204,-0.44029984,-0.7431776,0.69464904
0.6437733,-0.40830117,0.29691032,-0.61361367,-0.81370103,0.7057853
0.73450094,0.00841373,-0.104247086,-0.7553726,-0.8660921,0.7194934
0.8145855,0.372294,-0.41367063,-0.8689846,-0.91398215,0.71163875
0.8853809,0.6664796,-0.6858012,-0.94319063,-0.9545769,0.67998564
0.9344757,0.89066863,-0.87541574,-0.9925206,-0.97693527,0.6998292
0.963085,0.9875266,-0.95748186,-0.96053946,-0.98150384,0.7709241
0.9867954,1.0287011,-0.98057765,-0.93417233,-0.99613136,0.55263776
1.0044824,0.84653616,-0.9252348,-0.89374083,-0.9929468,0.697929
0.9686573,0.5420695,-0.71075386,-0.8324857,-0.8800359,0.6239741
0.8110701,0.09807991,-0.33021092,-0.6961078,-0.8613041,0.54754704
0.7323818,-0.21978849,-0.01635064,-0.5564848,-0.7863511,0.63714385
0.58065563,-0.52649426,0.23436993,-0.387244,-0.7289042,0.49723706
0.53973615,-0.7629961,0.5535982,-0.1972822,-0.6621367,0.45738313
0.31522322,-0.9149976,0.8918843,0.009845167,-0.5924933,0.3831958
0.1775667,-0.982731,1.0432038,0.25041392,-0.478897,0.41463664
0.03132112,-0.94677943,0.9952681,0.38577414,-0.31665564,0.56379116
-0.13341726,-0.73500675,0.8841419,0.5717684,-0.18357995,0.53861654
-0.30972123,-0.3283213,0.6567086,0.7096531,-0.07376762,0.34905547
-0.46279857,0.035212196,0.38459393,0.82959026,0.049832344,0.30963835
-0.59228814,0.36312246,0.08250912,0.9314744,0.17277153,0.37698007
-0.7143182,0.67600113,-0.18001577,0.9831477,0.3897384,0.37526688
-0.82025677,0.91430664,-0.48126632,0.9851655,0.44456255,0.35041538
-0.8938221,0.9697562,-0.73258156,0.9855009,0.5667099,0.361263
-0.9329262,0.99738216,-0.949288,0.9068299,0.6596151,0.38870072
-0.9680811,0.823763,-1.0421776,0.8228952,0.7312583,0.37021664
-0.99626845,0.4863307,-0.9895203,0.71068025,0.7800218,0.30710787
-0.9784016,0.16404256,-0.8610707,0.58061385,0.823283,0.4938571
-0.91720575,-0.14488642,-0.6272765,0.43778762,0.8722332,0.3726969
-0.8427218,-0.47472018,-0.33363834,0.2066356,0.95866144,0.40503925
-0.7484844,-0.7780421,0.013431891,0.039607987,0.9866123,0.40299606
-0.64555186,-0.967611,0.34045306,-0.17988937,0.9989218,0.40454388
-0.5399341,-1.0171047,0.62479043,-0.3978901,0.9547114,0.4103103
-0.38973162,-0.9183832,0.8588552,-0.5540562,0.98759687,0.41382313
-0.2572707,-0.62892306,0.9933149,-0.6371177,0.8877056,0.41679254
-0.11142783,-0.32580966,1.0076628,-0.8442936,0.8459423,0.44589964
0.026940087,0.00047782852,0.91628593,-0.90218556,0.79789025,0.503078
0.21708485,0.35072237,0.69806427,-0.98210603,0.7378889,0.5770153
0.34999752,0.68267655,0.39047804,-1.0006082,0.6725563,0.6752189
0.5007018,0.9110164,0.10435161,-0.9953804,0.5829531,0.71382487
0.6304233,1.0035222,-0.13279882,-0.95822614,0.466352,0.68539584
0.789596,0.948502,-0.552949,-0.8790751,0.36562884,0.65052724
0.8897736,0.76350534,-0.7844387,-0.7479797,0.22015442,0.5880161
0.9770109,0.5245945,-1.0475341,-0.609323,0.09253676,0.5250157
1.0179793,0.24484327,-0.96902007,-0.4587958,-0.033447325,0.46889764
1.0242338,-0.10393228,-0.91525126,-0.2733106,-0.15217905,0.7082108
0.98681617,-0.49501607,-0.7558204,-0.060035594,-0.25754532,0.62524426
0.95248777,-0.77270025,-0.601707,0.13874346,-0.37243173,0.69443953
0.9226631,-0.9130312,-0.18388182,0.32126546,-0.49487618,0.69367576
0.8622577,-0.9631258,0.12454818,0.5025862,-0.60537696,0.7032139
0.7811825,-0.86923057,0.41345763,0.6710501,-0.7069513,0.70940995
0.6877182,-0.6866351,0.6753135,0.79851854,-0.7993169,0.71581185
0.5785851,-0.40249866,0.86822975,0.87959313,-0.87860036,0.72731787
0.38737017,-0.05798505,0.96937054,0.9501874,-0.92321646,0.73141354
0.25121957,0.33694315,0.954516,1.0024835,-0.9744002,0.7299727
0.07237439,0.6477937,0.9183244,1.0045898,-0.9967834,0.72840333
-0.099804275,0.8688824,0.704587,0.9585993,-1.0040052,0.72504294
-0.2639992,0.96280676,0.36707443,0.86636186,-0.98903966,0.7186584
-0.4130581,0.95275754,0.05809005,0.7199488,-0.95091003,0.709779
-0.55352414,0.824023,-0.27901778,0.6033266,-0.9127374,0.6993132
-0.6793513,0.57755363,-0.57107025,0.43577456,-0.87499934,0.6872334
-0.7829856,0.13639972,-0.8193306,0.26082805,-0.8214264,0.67519057
-0.8617092,-0.22085528,-0.9123697,0.060138114,-0.7570621,0.663618
-0.90451366,-0.571285,-0.9718339,-0.12922215,-0.6862818,0.63261676
-0.9635351,-0.78549623,-0.9436806,-0.30539298,-0.60786724,0.58084774
-0.9774459,-0.9481276,-0.78720677,-0.4806385,-0.44431907,0.59496665
-0.966453,-1.002916,-0.49642497,-0.6357974,-0.35182405,0.6775631
-0.93571055,-0.9210491,-0.23367831,-0.7735507,-0.22287525,0.40658894
-0.8824552,-0.6852812,0.09709714,-0.8866031,-0.11367251,0.5653434
-0.802627,-0.40297556,0.39723825,-0.9706433,-0.0020404777,0.5114035
-0.6966083,-0.06467045,0.66607785,-1.0209378,0.105247185,0.5070205
-0.5899486,0.3892585,0.8667787,-1.021773,0.21944597,0.49248025
-0.4842289,0.70223355,0.97188944,-0.96728563,0.3414914,0.46688783
-0.36712146,0.9531863,0.93553126,-0.9271532,0.46009788,0.5179078
-0.2454492,1.0210807,0.77265847,-0.7575101,0.5774855,0.6493529
-0.02734294,0.9810987,0.5782258,-0.6272885,0.6793529,0.39258525
0.12728898,0.80380416,0.35639358,-0.49111688,0.76236874,0.52710944
0.30227777,0.5317326,0.053279538,-0.32429603,0.8343395,0.43194267
0.43051624,0.16801257,-0.30694476,-0.1392141,0.89025587,0.3563556
0.60400265,-0.184966,-0.57757246,0.04667737,0.9370702,0.4141443
0.73096025,-0.5042925,-0.74465233,0.23353775,0.9746795,0.6207148
0.78740513,-0.7719329,-0.952306,0.41646716,0.99889016,0.6162987
0.8713476,-1.0452516,-0.98306113,0.5895829,1.0109329,0.41606426
0.92503184,-1.0840447,-0.90377104,0.7597589,0.99291784,0.3967519
0.98745656,-0.89018786,-0.69842184,0.9229791,0.9425232,0.5054999
0.99675494,-0.66147923,-0.437955,0.96163535,0.9191693,0.48367515
1.01436,-0.3641744,-0.12930374,1.0167621,0.92268234,0.38096932
0.9824825,-0.012836603,0.20638861,1.0101879,0.86986715,0.5464701
0.92386,0.35880837,0.5438124,0.9811017,0.76863545,0.42375514
0.83348423,0.67377126,0.7806187,0.9132811,0.6895922,0.44359937
0.7104099,0.90235627,0.8855832,0.8119488,0.57150304,0.43328407
0.5856278,1.0015407,0.9659137,0.67656523,0.46618778,0.43315527
0.46142846,0.95512897,0.9849398,0.5073021,0.36424163,0.444197
0.31769136,0.7882124,0.8642046,0.30725047,0.2553878,0.46058586
0.1623085,0.4806929,0.60337865,0.07691528,0.14493556,0.48566514
0.010146547,0.16746573,0.30583596,-0.124142095,0.029116735,0.48611167
-0.1383063,-0.14274783,-0.041683555,-0.2886273,-0.09274624,0.45881277
-0.31371525,-0.4772252,-0.36480102,-0.45722824,-0.2327642,0.4225217
-0.5144216,-0.79685473,-0.63441753,-0.6132287,-0.37591508,0.3681923
-0.5543854,-0.99123764,-0.8636739,-0.7508824,-0.49869558,0.4322219
-0.7418339,-1.0339602,-1.0170559,-0.871151,-0.59355,0.62861234
-0.81798565,-0.93423074,-1.0395805,-0.9626327,-0.68357134,0.6123853
-0.89243907,-0.6451401,-0.9076834,-1.0223202,-0.7595381,0.3938927
-0.9529767,-0.35356644,-0.6939455,-1.033895,-0.8248892,0.34444138
-1.002378,-0.05336163,-0.3753289,-0.9908059,-0.8808544,0.4119511
-1.006819,0.28023624,-0.036336187,-0.91914153,-0.9151255,0.38885576
-0.9660149,0.60297686,0.30818173,-0.8131309,-0.9276782,0.32880232
-0.92124695,0.85603684,0.59960556,-0.6061603,-0.9552509,0.34394488
-0.8672342,1.0153583,0.80076826,-0.54975533,-0.9982123,0.41575736
-0.77945083,0.93248636,0.94017583,-0.35739014,-0.9500391,0.51410925
-0.66393656,0.76308775,0.9824252,-0.12405927,-0.94812036,0.65928644
-0.54261893,0.49893755,0.9442526,-0.07395042,-0.89991665,0.70963585
-0.41407138,0.18518777,0.81348187,0.21540174,-0.8443723,0.65283567
-0.27050066,-0.14944951,0.5709741,0.39229548,-0.76477325,0.5723028
-0.11672469,-0.47141555,0.21088481,0.5941683,-0.66195107,0.43076202
0.039726235,-0.7390755,-0.13448651,0.7530187,-0.56309384,0.362607
0.19758272,-0.9188665,-0.4607884,0.86093026,-0.46857375,0.3832631
0.34616017,-0.962599,-0.7241464,0.958959,-0.37243113,0.4662383
0.4812992,-0.8898872,-0.88069034,0.9862008,-0.28193587,0.6536177
0.5998842,-0.69762534,-0.96385664,1.0049694,-0.13941814,0.47811595
0.6961644,-0.38160807,-0.93954885,0.99810463,-0.02698313,0.63443905
0.7792048,-0.016710384,-0.82556576,0.9414264,0.1122663,0.6123289
0.84559274,0.3917289,-0.6116616,0.8373503,0.25321493,0.6262299
0.9491823,0.6844573,-0.3415144,0.7142021,0.3805545,0.60405874
0.9469398,0.8902872,-0.017204713,0.5686975,0.49058145,0.5494095
0.96604776,1.0115288,0.30875635,0.3862901,0.5900109,0.46164477
0.95298195,1.0198997,0.61798644,0.17167251,0.6719688,0.3323767
1.009027,0.87230873,0.8519145,-0.033363443,0.76962954,0.28056598
0.85118896,0.5501639,0.9791901,-0.22607443,0.8404215,0.31366
0.8233387,0.20479244,0.9984698,-0.42297506,0.90847236,0.36535597
0.6609733,-0.17223121,0.8744465,-0.61225224,0.96098226,0.4660873
0.53769296,-0.5126406,0.6999771,-0.76554096,0.99571997,0.5178331
0.40403107,-0.7725865,0.46266347,-0.8776939,1.009971,0.5095901
0.25538293,-0.94881034,0.15904541,-0.95186406,1.0140483,0.4465756
0.09963074,-0.9971908,-0.19386016,-0.9769339,1.00625,0.2969333
-0.073687874,-0.92367375,-0.5034369,-1.0387386,0.9420734,0.49640006
-0.20086153,-0.7007753,-0.751988,-1.0074544,0.9845122,0.3683532
-0.35946193,-0.4171925,-0.91980976,-0.9323427,0.87207973,0.42455804
-0.5237115,-0.06601945,-0.9679975,-0.84992653,0.77866405,0.45265254
-0.6592757,0.3387665,-0.94312876,-0.72488153,0.6884224,0.4727381
-0.76676494,0.68505025,-0.81467015,-0.5822598,0.6329874,0.4783125
-0.86352265,0.91013026,-0.5731783,-0.42119727,0.5042681,0.49039716
-0.9408573,1.0202887,-0.21155335,-0.24765646,0.41530988,0.50332177
-0.99514526,0.9949538,0.09819407,-0.06464805,0.3063657,0.5197242
-1.0259532,0.8128314,0.3464636,0.12320769,0.20686932,0.5422444
-1.0322714,0.57699513,0.62562394,0.31029475,0.005049683,0.5629655
-1.0123309,0.15602422,0.89174443,0.49228048,-0.09929902,0.58305824
-0.9633942,-0.19214232,1.020613,0.6535427,-0.23903467,0.6109609
-0.8527843,-0.48795116,0.9998784,0.78821295,-0.3751869,0.6461087
-0.8854481,-0.7954507,0.90133685,0.8945216,-0.4683963,0.60863996
-0.70590174,-0.9662994,0.6884426,0.9643546,-0.52049303,0.49243516
-0.5801037,-1.0146717,0.42654753,1.0047884,-0.6032862,0.7352942
-0.38871786,-0.8763436,0.12112266,1.0059482,-0.71236897,0.5553457
-0.22171652,-0.67200744,-0.21897055,0.9094902,-0.7408025,0.5739919
-0.07861103,-0.37461275,-0.57303417,0.7835471,-0.8174544,0.53189194
0.08378038,-0.028949104,-0.77738184,0.69425535,-0.8661877,0.54141814
0.2504122,0.34487277,-0.94069666,0.5427431,-0.9224388,0.60471004
0.392373,0.6661184,-0.9881011,0.39943847,-0.95432264,0.410951
0.510251,0.90367806,-0.92696863,0.23690173,-0.963321,0.51937604
0.63523895,1.0131162,-0.77578074,0.057547335,-0.96268207,0.46764204
0.7620743,0.94852626,-0.5246238,-0.1388024,-0.94729376,0.43995076
0.8685389,0.8269839,-0.24453308,-0.31951916,-0.9499519,0.41110662
0.958128,0.6204521,0.05730625,-0.48193002,-0.89474374,0.37950122
1.0210186,0.2920489,0.4356823,-0.61083406,-0.83027935,0.35593608
1.0517135,-0.14725685,0.668056,-0.7232895,-0.7272382,0.3420057
1.0171249,-0.50165725,0.9339832,-0.8467474,-0.68153965,0.33274803
0.95829296,-0.7563852,0.9973714,-0.98937166,-0.561904,0.3315202
0.9351244,-0.9376779,1.0152843,-0.9589405,-0.46020487,0.32114178
0.8173116,-0.98433894,0.90940815,-1.0158145,-0.3366049,0.3004394
0.7297564,-0.8947493,0.6874548,-0.9605713,-0.21824697,0.3322284
0.57895225,-0.6405263,0.33878595,-0.86758834,-0.10495763,0.41763645
0.45014247,-0.36329117,-0.008566748,-0.7824236,0.027131744,0.2586583
0.32784173,-0.058164306,-0.27285635,-0.6457793,0.17478949,0.37963772
0.19518892,0.2949487,-0.5863774,-0.46700358,0.26584074,0.34409243
0.06124627,0.66244674,-0.88067055,-0.25445923,0.38903427,0.32253632
-0.08518538,0.89795953,-1.0495663,-0.071132526,0.52117884,0.35766825
-0.24553609,0.97312295,-1.0764712,0.07182714,0.54842937,0.45271692
-0.4007781,0.9737865,-0.971628,0.33449718,0.6526876,0.30565083
-0.55249554,0.8499728,-0.69367266,0.455076,0.7853192,0.45270982
-0.71780974,0.61529046,-0.4420753,0.62799466,0.8646863,0.42634824
-0.82981807,0.2359858,-0.2158887,0.7683787,0.90047705,0.3996338
-0.92766285,-0.14837967,0.10499142,0.87984014,0.94062024,0.3612591
-0.98209536,-0.54117,0.48115778,0.95688504,0.9704191,0.30217695
-1.0041533,-0.7594172,0.74793667,1.0041815,0.9858287,0.35648018
-1.0363108,-0.9356429,0.89966387,1.0161864,0.99195147,0.53759795
-1.0201982,-0.9737822,1.0019053,0.9825741,0.98850286,0.5434177
-0.97578466,-0.88831747,1.0101372,0.9001784,0.97655195,0.3877297
-0.9082953,-0.71090186,0.8906665,0.80297583,0.91983986,0.3284654
-0.8152242,-0.4321805,0.6327779,0.6895042,0.81539893,0.3158431
-0.7215703,-0.08187646,0.36984938,0.53858787,0.81903243,0.5456604
-0.63086337,0.3327339,-0.0048862533,0.35660586,0.65220046,0.3784601
-0.527093,0.74936986,-0.35425463,0.124612994,0.5821229,0.4221235
-0.32190594,0.8717857,-0.688078,-0.1617145,0.52104765,0.42719442
-0.17705764,1.0178583,-0.82677835,-0.34076196,0.40115628,0.43046153
0.01889896,1.0335294,-1.0114897,-0.40338525,0.22762528,0.43467718
0.18300982,0.87157387,-1.0097928,-0.63167965,0.100172885,0.44001904
0.27628732,0.51487774,-0.8853286,-0.6762511,0.008939939,0.44692796
0.4270229,0.19528179,-0.70673895,-0.7962985,-0.10824201,0.456108
0.60802436,-0.20884517,-0.46322984,-0.9928519,-0.23516251,0.46805954
0.67905724,-0.5484755,-0.10914141,-0.971889,-0.31088567,0.46723226
0.82410747,-0.813341,0.21364282,-0.99303764,-0.4480686,0.45252877
0.90471905,-0.9652027,0.5366803,-0.9922366,-0.55045503,0.49934787
0.97095436,-0.9580256,0.7956131,-0.9011748,-0.6545367,0.61048204
1.0146568,-0.8884047,0.95428956,-0.8133371,-0.7427411,0.4050375
1.0331329,-0.72881997,0.97461575,-0.6933444,-0.81223124,0.57078123
1.018742,-0.4482975,0.89004284,-0.53942364,-0.87935865,0.5479757
0.96917427,-0.052953694,0.7444707,-0.35431647,-0.9409337,0.5644604
0.90007454,0.31495708,0.5360365,-0.16139925,-0.9857901,0.567924
0.80946696,0.6472654,0.29722428,0.037483446,-0.99704266,0.5574256
0.7166417,0.89198995,-0.029566647,0.20503904,-1.0016776,0.6082189
0.6267434,0.99890393,-0.43024194,0.42085356,-0.98956114,0.7233084
0.49139926,0.980772,-0.71421367,0.59503835,-0.96535784,0.51252294
0.31388885,0.8119595,-0.8685021,0.75317734,-0.9722477,0.67162377
0.20839804,0.54684347,-0.9721323,0.8449181,-0.923116,0.6342429
0.0071020075,0.17767373,-0.97168237,0.8580949,-0.8344664,0.62950194
-0.15823013,-0.16072589,-0.8626017,1.0513543,-0.76189286,0.621011
-0.33771026,-0.48227125,-0.63554156,0.97506374,-0.6980606,0.6087055
-0.46550387,-0.7662976,-0.3546482,0.9687915,-0.5724882,0.6071942
-0.63252693,-0.981121,-0.017457351,0.897175,-0.39010423,0.6182674
-0.7509803,-1.0342674,0.2850471,0.80130506,-0.28535858,0.56130517
-0.8475022,-0.89298654,0.5273275,0.68285525,-0.20437486,0.43312836
-0.90018606,-0.68148625,0.8042772,0.5341196,-0.089069076,0.6628144
-0.9015033,-0.3664548,0.9678206,0.3605684,0.059293356,0.46916655
-0.96652484,-0.0024297293,0.9926035,0.14238329,0.17926848,0.48988655
-1.0082959,0.33573106,0.9111526,-0.008294855,0.28259465,0.46538243
-0.9371876,0.64324504,0.73474467,-0.19909735,0.38960147,0.4229724
-0.95918906,0.8631475,0.46268693,-0.38245732,0.49176866,0.36050487
-0.9154464,1.0451992,0.18660232,-0.541895,0.6535152,0.3720983
-0.86273533,1.020562,-0.07981136,-0.6748206,0.761756,0.46194124
-0.6722839,0.795546,-0.40059793,-0.8002712,0.81119794,0.19411483
-0.60265857,0.54825175,-0.74884725,-0.9119146,0.8860873,0.35345998
-0.41611487,0.22974715,-0.94380116,-0.9082057,0.9279496,0.29725212
-0.27640256,-0.19719782,-0.96885544,-0.9905515,0.97212654,0.2847701
-0.09261459,-0.5150009,-0.9494954,-0.97602,0.9823574,0.2658432
0.10112949,-0.7280437,-0.8371842,-0.931852,0.9625257,0.23884967
0.26988357,-0.9381762,-0.60262334,-0.8450066,0.9548845,0.25378907
0.40857938,-0.98872674,-0.29578674,-0.7104003,0.9574439,0.3127252
0.5334492,-0.9408129,0.020605654,-0.5545847,0.9379447,0.1297707
0.63189286,-0.7401651,0.32205403,-0.37682557,0.9039722,0.22743219
0.7297755,-0.45402783,0.6043322,-0.18675613,0.8795006,0.18252562
0.8199255,-0.068321936,0.8331257,0.007830688,0.74232334,0.16933097
0.907467,0.30595225,0.9879396,0.19721562,0.65278447,0.15518077
0.9490355,0.64901763,1.0447803,0.37328303,0.564769,0.14134273
0.98301995,0.89900017,0.89192873,0.5755235,0.46006492,0.13790615
0.9897483,1.0077374,0.6958246,0.6698705,0.34988913,0.1454785
0.9746718,0.9963119,0.42205587,0.80681115,0.22988032,0.16027927
0.9359138,0.82114494,0.12953903,0.93608576,0.098752856,0.18515651
0.87025815,0.57589316,-0.1916359,0.98110044,0.020522764,0.21222763
0.7990545,0.24904555,-0.5108913,1.0217868,-0.15701216,0.24127218
0.6856532,-0.089558825,-0.78028417,1.0084361,-0.27702224,0.27880445
0.5374687,-0.491354,-0.9775117,0.9577049,-0.3646559,0.32328728
0.38748077,-0.77269644,-1.0657841,0.8670898,-0.4744495,0.35285544
0.23400594,-0.92494136,-1.0137285,0.7471932,-0.5893332,0.36620024
0.07486168,-0.97305954,-0.84042424,0.59735185,-0.6862633,0.36049023
-0.08153717,-0.8655012,-0.51858765,0.42360777,-0.76959956,0.32847854
-0.29893705,-0.67939794,-0.21643704,0.24087887,-0.84432447,0.30493224
-0.42753747,-0.3999007,0.03222039,0.054448143,-0.90618294,0.28844163
-0.55268884,-0.050711818,0.39475137,-0.13926324,-0.9528568,0.25385216
-0.6922383,0.3549157,0.67525315,-0.33314466,-0.9832799,0.20719755
-0.80161744,0.65835243,0.8707692,-0.5122125,-1.0005012,0.19098376
-0.9034878,0.8297408,0.9146962,-0.6716307,-1.00338,0.20590062
-0.94792765,0.95320654,0.9154879,-0.80981314,-0.9885626,0.23516506
-0.99931467,0.9752376,0.83647996,-0.92037773,-0.95586026,0.28965345
-1.0246547,0.84928584,0.65780556,-0.9899686,-0.90942174,0.3494404
-1.0442961,0.56228393,0.38389158,-1.0129033,-0.8485724,0.41399837
-1.0135754,0.23127842,0.063660316,-1.0058682,-0.74874353,0.4868672
-0.93319917,-0.15466487,-0.30259174,-0.9632964,-0.6081774,0.56301683
-0.8537429,-0.4892118,-0.5788858,-0.79014015,-0.5767042,0.62378937
-0.7692126,-0.73539525,-0.7371185,-0.6912814,-0.43468347,0.66536486
-0.65367055,-0.90367573,-0.9315275,-0.5597929,-0.34937844,0.69112784
-0.5152589,-0.9446977,-0.9156469,-0.4745799,-0.25471944,0.69377834
-0.35943443,-0.87949246,-0.90292424,-0.3191978,-0.1496956,0.7062444
-0.21507308,-0.6848619,-0.81676936,-0.10606942,-0.033374377,0.7285263
-0.050480414,-0.43294376,-0.56140083,0.096273325,0.08115908,0.73667264
0.11923058,-0.03421837,-0.238508,0.3027517,0.19641273,0.7371264
0.27628815,0.30979958,0.12275717,0.4915941,0.31060278,0.7414688
0.41781312,0.61023927,0.34565073,0.64925885,0.42134535,0.7478424
0.55913025,0.8633573,0.6303733,0.79099095,0.53067076,0.7548176
0.6944905,0.9618863,0.883867,0.9052104,0.63704294,0.7647355
0.7668702,0.9755822,0.9760545,0.98418146,0.72914636,0.7702393
0.8834086,0.84990793,1.000847,1.0241603,0.8054005,0.77142024
0.9445003,0.71452105,0.8762442,1.0150948,0.8691826,0.77528274
0.98472464,0.22477868,0.6065685,0.9511109,0.9166915,0.7806422
1.0098215,-0.12954962,0.30928922,0.8743886,0.96662116,0.7388894
1.002136,-0.37818402,0.041323464,0.7829249,1.0196033,0.6463157
0.97061455,-0.6881734,-0.29645392,0.6452503,1.0419428,0.64104426
0.9093114,-0.9720207,-0.6486077,0.46855474,1.0356052,0.72147614
0.8293545,-1.0627086,-0.87217087,0.31028455,1.0167162,0.49757278
0.73019755,-0.9414073,-0.94602084,0.14073338,0.9786264,0.5585369
0.60909957,-0.7202522,-0.96779394,-0.056153927,0.8922361,0.4708878
0.43459755,-0.34913343,-0.9193079,-0.28251448,0.8497937,0.4164774
0.3091405,0.004066232,-0.78614473,-0.4724458,0.76715684,0.3627571
0.16381192,0.3200315,-0.44211063,-0.62625694,0.67980134,0.31550267
0.028033247,0.62122285,-0.15945531,-0.74916,0.58857393,0.3125574
-0.10715872,0.8541105,0.110654704,-0.8234647,0.4944164,0.36033827
-0.24575722,0.9859287,0.4522542,-0.95382756,0.37729695,0.36404544
-0.38819584,0.9881924,0.71281207,-1.0269657,0.23756044,0.3284704
-0.53669167,0.85744095,0.89482975,-0.96659213,0.087380596,0.31163177
-0.66200113,0.56541115,0.9374091,-0.97714543,-0.077373184,0.29591578
-0.77522296,0.17659359,0.92778075,-0.933786,-0.21982151,0.3698992
-0.86146337,-0.15236996,0.83387685,-0.7849204,-0.33509073,0.54916203
-0.9283723,-0.44583908,0.6036161,-0.67788446,-0.44335404,0.5649887
-0.97001356,-0.78235424,0.30321437,-0.54560196,-0.5337449,0.4226621
-0.992357,-0.9497959,-0.028331574,-0.31789854,-0.6252577,0.4371042
-0.99409384,-0.97075754,-0.3653388,-0.14285114,-0.7190891,0.56902176
-0.9636517,-0.93176657,-0.6504031,0.07416342,-0.79602724,0.59022206
-0.90049595,-0.7054443,-0.84897393,0.31632873,-0.8596094,0.54345936
-0.81211716,-0.420589,-0.97794527,0.5119802,-0.9143584,0.7474689
-0.69567233,-0.043140233,-1.0020534,0.66390276,-0.95741856,0.6479173
-0.57482105,0.2943849,-0.91065717,0.79326856,-0.99347395,0.6764789
-0.45245537,0.65210897,-0.6857025,0.8829529,-1.0228103,0.6528788
-0.3103465,0.9097832,-0.34501502,0.9431821,-1.0075191,0.6750389
-0.1547789,1.0536845,-0.060023636,1.0153046,-0.9997951,0.74590856
0.020960812,1.0503331,0.25717565,0.98935205,-0.9592621,0.5488485
0.21896389,0.8574634,0.5136855,0.96797687,-0.90090346,0.64253634
0.32332468,0.608633,0.74546474,0.88640517,-0.83210284,0.5957003
0.49090922,0.2834533,0.92002404,0.7675459,-0.7532315,0.5938249
0.6002384,-0.08454476,0.9806468,0.6413065,-0.66574067,0.5958907
0.6958316,-0.46918356,0.908787,0.510369,-0.57275325,0.6080892
0.78710854,-0.76709896,0.75014955,0.35524473,-0.4689121,0.61359644
0.87354195,-0.94424605,0.4814447,0.18490732,-0.3558714,0.61122835
0.9252603,-1.0078398,0.18246195,-0.0499223,-0.23916887,0.61453617
0.9435805,-0.9089839,-0.13989092,-0.2732458,-0.11895759,0.6198009
0.9946563,-0.73435676,-0.455777,-0.38011172,-0.0075788097,0.6012582
0.957826,-0.4654526,-0.73685706,-0.6016617,0.0919791,0.55788517
0.93094295,-0.10495889,-0.9024479,-0.73066866,0.2091466,0.4991655
0.873894,0.3353178,-0.9499446,-0.8446708,0.34177697,0.41808805
0.78688216,0.67785275,-0.9515543,-0.9485875,0.45660496,0.3919113
0.7050227,0.8977359,-0.88926923,-1.0053596,0.55710685,0.42720434
0.59072673,1.0171368,-0.66770333,-1.0306807,0.6533123,0.4810028
0.45836464,0.9737497,-0.2869191,-1.0099775,0.73879874,0.5739976
0.31916207,0.8442189,-0.0070265513,-0.9491875,0.83601993,0.61175317
0.17353311,0.6059763,0.3232003,-0.84331137,0.9247601,0.5845902
0.014360989,0.2791701,0.5916827,-0.70310956,0.90951985,0.540197
-0.15503822,-0.12834653,0.8001084,-0.48861146,0.9881522,0.452402
-0.30942822,-0.48043823,0.94842964,-0.31676894,0.9967656,0.44795117
-0.46757758,-0.7539951,1.0130961,-0.1796144,1.0035921,0.53790677
-0.64432335,-0.93327034,0.9387044,-0.0054048765,0.98993814,0.29325077
-0.84465975,-0.96488315,0.7061847,0.18679453,0.95588535,0.4236364
-0.8629894,-0.8976675,0.44339165,0.36728436,0.904984,0.37108225
-0.99594206,-0.7007212,0.13597235,0.54264134,0.83553696,0.3629613
-0.98751,-0.41527814,-0.18582828,0.7144903,0.77042335,0.35476285
-0.96966803,-0.03921199,-0.49206683,0.8775347,0.7120309,0.34758264
-0.9468616,0.30135474,-0.74450535,0.9671616,0.62669766,0.38802114
-0.93659246,0.5844986,-0.9142997,0.97445804,0.51866513,0.47946334
-0.91171134,0.8097494,-0.93706936,0.98277897,0.3828549,0.3497972
-0.8867244,0.92924607,-0.9441578,0.97723764,0.26648137,0.52287143
-0.74936557,0.9695756,-0.8083535,0.92005193,0.14960384,0.49153116
-0.6698618,0.9050375,-0.5720711,0.821833,0.055867087,0.42610654
-0.52142733,0.6645144,-0.29348156,0.6996688,-0.0631538,0.55396104
-0.35724828,0.23129056,0.02690805,0.55007875,-0.20238407,0.42844164
-0.19737633,-0.1570568,0.32812846,0.3809405,-0.325746,0.5217774
-0.046446342,-0.5067544,0.58533305,0.19636507,-0.43913865,0.69949865
0.113691404,-0.7766335,0.81918633,-0.006916026,-0.5589205,0.7285662
0.27617204,-0.90008044,1.0005047,-0.22484317,-0.679778,0.6203256
0.4179701,-0.95507526,1.0351162,-0.40689144,-0.7684192,0.63059324
0.5376822,-0.8836588,0.90134144,-0.5462733,-0.82325083,0.7205635
0.6531245,-0.70610434,0.7104477,-0.66186714,-0.8571744,0.7510273
0.729235,-0.41027004,0.43374363,-0.7373743,-0.8610185,0.7578622
0.82554984,-0.050265774,0.14722925,-0.8181707,-0.8822895,0.726352
0.9331373,0.31140563,-0.12739673,-0.90461886,-0.9241955,0.6345778
0.983248,0.6206207,-0.44105247,-0.96617866,-0.95422983,0.6472491
0.9788124,0.821529,-0.76658744,-1.011902,-0.98379093,0.7663372
0.97432226,0.93777007,-0.9806984,-0.9615911,-0.98662066,0.5712422
0.95734644,1.0039145,-1.0685054,-0.88584787,-0.9575389,0.6566831
0.895991,0.86646587,-0.9581494,-0.7590049,-0.88709927,0.607865
0.7953158,0.53340876,-0.86679,-0.5965888,-0.82812274,0.6032938
0.69299626,0.21695493,-0.6021362,-0.4274284,-0.73389864,0.57614607
0.58627063,-0.09800014,-0.24739058,-0.2593885,-0.6268541,0.5322609
0.45669657,-0.4451641,0.07475379,-0.056577995,-0.5264163,0.48446894
0.31161016,-0.7766785,0.34820843,0.1714045,-0.436692,0.42687252
0.16321236,-0.9542114,0.64644134,0.37002605,-0.3301156,0.4168361
0.011638584,-0.9463864,0.9295672,0.5379133,-0.2126774,0.46077132
-0.13574933,-0.8724011,0.98569876,0.65179855,-0.10548764,0.45241717
-0.27435365,-0.6855935,0.856972,0.7777242,-0.006585921,0.40032563
-0.4445649,-0.43207514,0.80863553,0.86973155,0.10988916,0.3844995
-0.5642572,-0.12199915,0.6754158,0.954161,0.24151567,0.38851473
-0.6886983,0.21752068,0.36475626,0.98841226,0.37445492,0.438386
-0.7878655,0.5671042,-0.031799816,0.9732587,0.51325166,0.55027694
-0.8773936,0.8274716,-0.36981088,0.9751035,0.6077155,0.34717196
-0.9535063,0.969272,-0.6157857,0.869665,0.6512758,0.5102944
-1.0050733,0.98386776,-0.8348034,0.7664235,0.7388169,0.48340726
-1.0318033,0.8812035,-0.96970046,0.6244432,0.86247635,0.49268207
-1.0288951,0.63888997,-1.0540913,0.44459283,0.9189365,0.4944221
-0.9923907,0.2565194,-0.95116186,0.30716404,0.95925564,0.48830366
-0.92573386,-0.12846127,-0.8227518,0.12936686,0.96964306,0.53767234
-0.8256605,-0.50796515,-0.4061605,-0.05316656,0.92596525,0.6470003
-0.70212185,-0.8076106,-0.11689034,-0.24721141,0.9345213,0.4580215
-0.59479135,-0.9765615,0.112976596,-0.4526915,0.9909656,0.61244154
-0.4591983,-1.0241321,0.42092907,-0.63009197,0.9528166,0.58776146
-0.3160361,-0.9010343,0.7552927,-0.77556485,0.8962623,0.5958132
-0.14324442,-0.71243876,0.9357432,-0.88290375,0.84327406,0.5712486
0.06030503,-0.44133633,1.0098519,-0.93817854,0.7993662,0.51099026
0.1254439,-0.10098058,0.9783611,-0.9847781,0.71145195,0.4919762
0.35132214,0.28970727,0.88630015,-1.0450957,0.586885,0.51176935
0.48390105,0.6253794,0.676494,-0.99367714,0.4832943,0.49594533
0.62020737,0.88146234,0.3711358,-0.84192103,0.39615592,0.45691118
0.73676294,1.0160347,0.032887463,-0.7092029,0.29706645,0.43690184
0.8018821,0.9803212,-0.3331234,-0.5801219,0.19703893,0.42633507
0.9390236,0.84784395,-0.63425165,-0.45622915,0.083811544,0.4044408
0.9741181,0.58545345,-0.83942443,-0.362938,-0.04577875,0.37604368
0.9940481,0.2511588,-0.9818508,-0.14640158,-0.17767498,0.3481749
1.0338187,-0.14957829,-1.0209825,0.028370194,-0.31516993,0.31803817
0.98535025,-0.45464525,-0.89978343,0.24704134,-0.4397167,0.30313617
0.9733031,-0.7564821,-0.6487739,0.46634007,-0.5474834,0.30587155
0.89172405,-0.93860644,-0.37970686,0.6505938,-0.62701803,0.30529463
0.77207357,-0.9959882,-0.103614494,0.78791,-0.66990125,0.30540434
0.70600814,-0.9594738,0.20737468,0.89254165,-0.83890927,0.3556946
0.5553294,-0.800921,0.5170605,0.94716823,-0.89578927,0.4577698
0.42232943,-0.5072395,0.8359668,1.0583873,-0.9699461,0.32957897
0.2658965,-0.06945952,0.98359,0.9752028,-0.9316649,0.49387816
0.107815854,0.29201812,1.0555836,0.9502831,-0.9432693,0.5032585
-0.050757565,0.5645923,0.9601358,0.8956132,-0.9728557,0.5307048
-0.19121155,0.8242637,0.7937945,0.79304504,-0.9723265,0.49985188
-0.30674687,1.0102066,0.5326842,0.6499,-0.9581381,0.39994168
-0.5122093,1.0225244,0.23695154,0.49249724,-0.88713074,0.5654999
-0.5868513,0.8370001,-0.07794848,0.31857783,-0.83482975,0.42854834
-0.7047004,0.58396095,-0.3920935,0.11875567,-0.8094646,0.43676215
-0.7896983,0.23216742,-0.6788313,-0.101498194,-0.73449796,0.405703
-0.87048596,-0.12473304,-0.87996036,-0.29602078,-0.66353816,0.39173034
-0.94533426,-0.45944455,-0.9679855,-0.45967904,-0.5642356,0.3950053
-0.9772246,-0.72708553,-0.9668067,-0.60955185,-0.4695938,0.40632114
-0.96590215,-0.88261515,-0.8456371,-0.7312582,-0.35550246,0.43216002
-1.0340104,-0.9572086,-0.6258345,-0.8382015,-0.20181657,0.4461516
-0.9340426,-0.91453093,-0.3894967,-0.92811793,-0.0004889297,0.44670123
-0.8707474,-0.75339,-0.055096872,-0.9797853,0.1318407,0.45516554
-0.75845766,-0.45961994,0.17885727,-0.9928295,0.19452055,0.46572834
-0.6426364,-0.12372368,0.5516168,-0.9681577,0.31197897,0.49123502
-0.5251991,0.2550685,0.78953075,-0.89958805,0.46427715,0.5356128
-0.3984466,0.5812836,0.97625744,-0.80364245,0.5510562,0.58892715
-0.18844026,0.8207778,1.0223708,-0.67873305,0.58551574,0.6557339
-0.13117981,0.9844225,0.96590805,-0.5297197,0.67144924,0.6026012
0.07898358,1.0270959,0.77067965,-0.3605505,0.79797703,0.41578448
0.20183791,0.8917132,0.5145902,-0.16123089,0.8189937,0.43512523
0.32412714,0.54814565,0.19158307,0.02723357,0.93910694,0.6505155
0.4793099,0.22220425,-0.12311961,0.22132145,0.97777146,0.65207136
0.66692686,-0.09815268,-0.40502355,0.4019663,0.99158037,0.4866113
0.66747236,-0.4327512,-0.68516403,0.57177174,1.0050029,0.6637677
0.8624319,-0.72849256,-0.9319268,0.7228713,1.0115606,0.5555097
0.94149286,-0.9376762,-1.0110377,0.8436733,0.9944979,0.5953863
1.0286437,-1.031228,-0.89823097,0.92835194,0.957868,0.61506206
1.0466914,-0.9759371,-0.80823994,0.96785945,0.9048794,0.57796055
0.98883754,-0.7359695,-0.6191892,0.95432544,0.83317214,0.47713277
0.9606819,-0.4416454,-0.34275123,0.9448485,0.7547591,0.67982346
0.9532493,-0.0752806,0.030215153,0.938009,0.6706178,0.5223293
0.87996936,0.28973,0.3559235,0.7837699,0.5546397,0.5581714
0.7561453,0.62098056,0.6271165,0.69048345,0.4472751,0.5685717
0.64432204,0.8598794,0.86096615,0.5053673,0.33066547,0.53014034
0.5349488,0.962122,1.0151552,0.339098,0.21875805,0.4405555
0.35341996,0.9458017,1.0378737,0.15868744,0.10493494,0.5944863
0.20334056,0.769573,0.90414107,-0.009444527,-0.0066833007,0.4586528
0.05553641,0.528935,0.67993397,-0.17958876,-0.117938526,0.4726637
-0.055289794,0.21317832,0.45286533,-0.37062138,-0.22788654,0.46023878
-0.227962,-0.13562103,0.13358963,-0.5383055,-0.34388757,0.44825375
-0.39194462,-0.4943319,-0.21974817,-0.69165003,-0.46648818,0.43781945
-0.5386291,-0.77902627,-0.5397185,-0.8046698,-0.5733088,0.4288035
-0.65304774,-0.9565531,-0.807271,-0.86827743,-0.66438043,0.42126182
-0.77536154,-1.0349524,-0.9680118,-0.9980574,-0.7516436,0.39920178
-0.89550614,-0.9715192,-0.98387283,-0.9621648,-0.83008724,0.36102307
-0.9747504,-0.76984406,-0.9280532,-0.991519,-0.8954064,0.38889813
-1.0139537,-0.4066726,-0.77022904,-1.0096908,-0.9476535,0.4858852
-1.0222555,-0.043741006,-0.5973527,-0.8780993,-0.98450494,0.22220248
-0.9897506,0.27397162,-0.25979847,-0.73479,-1.0043122,0.37934965
-0.9455201,0.59738326,0.051232938,-0.5982739,-1.0089816,0.32017437
-0.8895132,0.8617466,0.37838167,-0.5067679,-0.99711996,0.30429435
-0.84928405,0.98709416,0.67067146,-0.26580146,-0.9567953,0.28724465
-0.729884,0.97732395,0.90038025,-0.07748395,-0.8864442,0.26959476
-0.62738794,0.8658686,1.0080018,0.13272786,-0.8597909,0.26491514
-0.5052657,0.63296485,0.9592509,0.31007394,-0.7550596,0.27438688
-0.368729,0.20471072,0.97269034,0.49354607,-0.73870003,0.27962172
-0.22008382,-0.12494615,0.66232604,0.6675561,-0.6329847,0.28323647
-0.06404838,-0.45153242,0.4104281,0.80465466,-0.5436069,0.34006906
0.09779374,-0.6549542,0.09598027,0.9015534,-0.4212085,0.4521485
0.26924738,-0.8656906,-0.23952131,0.9541583,-0.29769415,0.31266165
0.44837034,-1.0419745,-0.571264,0.95174944,-0.1696935,0.48949462
0.5870421,-0.9721696,-0.8223572,0.9546779,-0.0012057424,0.48961774
0.68019694,-0.76421636,-0.9646523,0.9617409,0.08871583,0.5001269
0.83280617,-0.45520723,-1.0013317,0.83234006,0.20859058,0.50240195
0.86452615,-0.049187116,-0.8939412,0.7742932,0.31195027,0.48894495
0.92933977,0.296303,-0.74710125,0.63393503,0.42518732,0.47777927
0.9694769,0.5473617,-0.54924744,0.47444767,0.54950464,0.46986288
0.977114,0.79745984,-0.22579972,0.3020752,0.63532966,0.44963878
0.9534305,0.9924698,0.13664186,0.07851304,0.7613038,0.42076692
0.92329454,1.0115529,0.45132625,-0.11473664,0.83866656,0.40885383
0.8850846,0.8360814,0.6814024,-0.2864717,0.8892721,0.41429925
0.8317402,0.6164661,0.86955684,-0.4576058,0.93516755,0.41323754
0.7686453,0.32115147,0.970828,-0.6141907,0.92391545,0.4107973
0.6344058,-0.028622497,0.96888125,-0.75120366,0.95755607,0.45960626
0.45784318,-0.40729797,0.9342238,-0.866448,1.0238806,0.5613251
0.3143593,-0.7070021,0.73599476,-0.97644925,1.0269277,0.38423854
0.1162136,-0.89754367,0.39428318,-1.0081778,0.9648548,0.56842375
-0.12298075,-0.9881683,0.03989566,-1.024153,0.95231974,0.5223501
-0.20485704,-0.93114954,-0.33574024,-0.99369687,0.8589819,0.45713952
-0.33717763,-0.74104047,-0.5831861,-0.8977464,0.90533185,0.5632149
-0.42840704,-0.39332592,-0.81253034,-0.7310347,0.7583556,0.44104537
-0.5384511,-0.05455642,-0.94956136,-0.5842942,0.6856205,0.46157262
-0.67592174,0.27021644,-1.0078694,-0.45709738,0.5806425,0.49828255
-0.793975,0.5941328,-0.9263891,-0.29583552,0.4579009,0.47688168
-0.9053077,0.87003505,-0.6908161,-0.1199764,0.3179517,0.40332583
-0.97824997,1.0270844,-0.43981147,0.057806667,0.1876843,0.39282712
-1.0040289,0.959393,-0.16297159,0.24017563,0.069350064,0.4339648
-1.0044239,0.83712226,0.14977334,0.4460127,-0.05021257,0.46699196
-0.96836644,0.5953397,0.46712425,0.67432624,-0.16349992,0.51186323
-0.92117476,0.27841163,0.7211663,0.7370735,-0.2669604,0.53142214
-0.8648526,-0.051994268,0.89036345,0.85619795,-0.35954013,0.5159263
-0.7763651,-0.4030078,0.9524216,0.9802805,-0.46744314,0.4949713
-0.6610827,-0.73072344,0.8722573,0.94718355,-0.5914233,0.4565336
-0.5383111,-0.92305195,0.8201499,0.9600526,-0.68723476,0.44362304
-0.40672585,-0.988441,0.55944383,0.94309974,-0.7580609,0.46166962
-0.26089093,-0.9297081,0.2910013,0.8791613,-0.83317596,0.4620827
-0.10515817,-0.7184739,-0.053285547,0.7728183,-0.89622927,0.4544792
0.049223803,-0.45290577,-0.36149174,0.64667684,-0.94340014,0.50529045
0.20020217,-0.12810193,-0.6154378,0.49737194,-0.97333467,0.6134478
0.33638465,0.24238265,-0.79378366,0.3241908,-0.98676395,0.36402375
0.45206985,0.63369465,-0.9535244,0.13169795,-0.981166,0.53379005
0.62051475,0.8758601,-0.99431777,-0.09088671,-0.96890813,0.50270504
0.7099843,0.9336288,-0.9315146,-0.18450272,-0.94996804,0.5334313
0.8196846,0.9350207,-0.7358648,-0.44779193,-0.91600645,0.50205195
0.9049982,0.8242478,-0.38756487,-0.5360124,-0.86950845,0.407281
0.9629477,0.62146026,-0.07191764,-0.6956501,-0.78877723,0.62859106
0.98957103,0.33123264,0.2108034,-0.83198094,-0.6706548,0.47733948
0.994111,-0.07830104,0.6174089,-0.9408949,-0.5552982,0.5169391
0.9723709,-0.5108265,0.85282886,-1.0212837,-0.43906283,0.5190994
0.9322476,-0.8222531,1.0316263,-1.0211632,-0.31544927,0.5216193
0.87457275,-0.9515534,1.041315,-1.0242218,-0.19283819,0.5246801
0.7414476,-1.0346887,0.96774834,-0.9585713,-0.11545458,0.52610475
0.6370885,-1.0059661,0.77419746,-0.8498978,-0.031142386,0.5258827
0.58036155,-0.72187656,0.49440137,-0.71241236,0.10471758,0.53993946
0.3846428,-0.47019044,0.2358577,-0.5458956,0.19319187,0.5693053
0.25119144,-0.09579043,-0.08266261,-0.34376532,0.3205361,0.5368398
0.10437593,0.29647496,-0.4123811,-0.11038998,0.45412907,0.4396605
-0.051152524,0.6101541,-0.67875797,0.09988498,0.56700844,0.6689477
-0.21013446,0.8058299,-0.8641595,0.28083214,0.657458,0.516184
-0.3656425,0.91855216,-0.9708751,0.43586203,0.7395964,0.5618131
-0.51613724,0.897547,-0.9659132,0.54631627,0.80482805,0.5711758
-0.65180606,0.78444993,-0.8682946,0.74013644,0.8744705,0.5707638
-0.76857424,0.56261504,-0.6609925,0.83288276,0.9497001,0.55982894
-0.8683588,0.26174745,-0.38036275,0.9429111,0.9668445,0.59911513
-0.9462074,-0.11523619,-0.02425858,1.0133657,1.0197603,0.6910909
-0.9986532,-0.46053928,0.3065073,1.021679,1.0302122,0.51621765
-1.0228654,-0.75382906,0.5933594,0.9578434,1.0258559,0.63042134
-1.0378861,-0.9573386,0.83280957,0.8951112,0.97934306,0.5843363
-0.994136,-1.0251875,0.9857015,0.8263637,0.93617475,0.55917925
-0.9451567,-0.9681612,0.9647556,0.69543487,0.9033539,0.55710053
-0.87339824,-0.74966514,0.9701284,0.5125876,0.9011466,0.5810952
-0.7708361,-0.45181563,0.7921244,0.35874823,0.80772775,0.5606167
-0.6393853,-0.06311123,0.49701142,0.18311518,0.626175,0.49905118
-0.5056395,0.28712037,0.16316584,-0.026443902,0.5015743,0.4992777
-0.37036806,0.57075715,-0.14137152,-0.21544194,0.41734666,0.5541499
-0.22150454,0.82591605,-0.46115407,-0.4106804,0.2935819,0.61009777
-0.065799534,0.98011,-0.7369106,-0.589585,0.15347147,0.68656874
0.094963394,1.0148162,-0.89850885,-0.787787,0.04780616,0.7094588
0.26010263,0.86736107,-0.91430354,-0.8982587,-0.08580363,0.66686434
0.42430556,0.62610334,-0.8995326,-0.99329746,-0.19733013,0.6081607
0.58582526,0.2558585,-0.8255941,-1.028268,-0.30188113,0.5117319
0.72053707,-0.098696135,-0.63289464,-1.0988505,-0.41093114,0.45741606
0.82343876,-0.42081317,-0.32988307,-1.0393057,-0.523103,0.4544165
0.90336037,-0.71351415,-0.013831804,-0.97247875,-0.62811595,0.50014126
0.951505,-0.9285608,0.31847376,-0.8412956,-0.7280428,0.6209916
0.9863888,-1.0283432,0.61812484,-0.6942807,-0.81278753,0.4656257
1.0071492,-0.98155636,0.85422397,-0.5781961,-0.87954336,0.5954269
1.0073916,-0.7882853,0.99518293,-0.3956037,-0.93369174,0.5399345
0.97114104,-0.4179071,1.0065459,-0.21982946,-0.97144675,0.47347885
0.908041,-0.08623506,0.91756725,-0.029283173,-0.99582875,0.60631514
0.808138,0.20339821,0.70131785,0.16164052,-1.006371,0.5043391
0.73294044,0.5420683,0.43690762,0.35317016,-0.9975768,0.53073907
0.5681331,0.87807125,0.123748615,0.5398076,-0.9692876,0.54236007
0.43218023,1.054561,-0.18648016,0.6990805,-0.9343499,0.49685198
0.28888753,1.0513195,-0.46782443,0.8249418,-0.89243126,0.3902006
0.1316949,0.913282,-0.70488065,0.92139375,-0.8366889,0.58737886
-0.032717183,0.58713186,-0.8667796,0.97883785,-0.7698279,0.42566088
-0.18639426,0.25025767,-0.98124313,1.0064676,-0.6887963,0.44737864
-0.3271847,-0.079990044,-1.0280002,1.0006001,-0.59288615,0.43265685
-0.45761517,-0.42960763,-0.83504647,0.9456381,-0.48886696,0.47421712
-0.5713708,-0.7440287,-0.48044056,0.840015,-0.37629965,0.5779675
-0.6771477,-0.94861585,-0.19071351,0.722339,-0.24196568,0.4214247
-0.7728499,-1.0110655,0.01551833,0.59114224,-0.16847855,0.57347465
-0.8577587,-0.96107125,0.32286343,0.42244676,0.024341173,0.5763945
-0.93275523,-0.75980234,0.6787292,0.22896741,0.09646171,0.6172637
-0.9423926,-0.48188642,0.8967198,0.034995068,0.2573106,0.60916567
-0.993244,-0.1197087,0.9786237,-0.15651722,0.43832892,0.5475214
-0.98748636,0.23954569,0.98751616,-0.32383004,0.46419585,0.45759037
-0.96030736,0.57208127,0.8761626,-0.5109945,0.58027333,0.32356608
-0.9301653,0.82621735,0.67011213,-0.6756141,0.6529966,0.27941534
-0.8433693,0.9589375,0.36284477,-0.796049,0.756183,0.33679312
-0.7414642,0.96776396,0.09327395,-0.9034051,0.82041883,0.41775244
-0.58113015,0.81230444,-0.2310387,-0.9644896,0.85444987,0.5577994
-0.41689813,0.5998612,-0.5316481,-1.003256,0.94438857,0.6212136
-0.30621657,0.28439894,-0.81450224,-1.0109757,0.95068955,0.5929291
-0.15572158,-0.051840045,-0.9455612,-0.9650838,0.9896285,0.5680977
-0.0018837275,-0.39838043,-0.9774602,-0.8634771,0.981213,0.51145256
0.15150821,-0.7754508,-0.9039588,-0.7545762,0.9778351,0.49139395
0.30683178,-0.915329,-0.71707803,-0.6354291,0.96548927,0.5208681
0.4838343,-1.0012602,-0.49272054,-0.46870595,0.93664604,0.53628457
0.6301416,-0.9046123,-0.16157766,-0.2623775,0.89357126,0.5560615
0.6699046,-0.73922795,0.14512776,-0.06979892,0.8328005,0.5790846
0.83003837,-0.48259008,0.43247625,0.10960754,0.7525114,0.59848714
0.90216863,-0.15162352,0.70365834,0.2966791,0.6551933,0.5526468
0.97056115,0.23872928,0.9282491,0.47854465,0.53919464,0.43183845
1.0512319,0.59085685,1.0311931,0.65064174,0.42342728,0.6686312
1.0285218,0.83235484,0.9885418,0.7923154,0.30951098,0.4833894
1.0319481,0.9810689,0.79794466,0.92919075,0.18673243,0.51084316
0.9762921,0.9694509,0.66601354,0.9782251,0.060145825,0.49266452
0.9137353,0.86004114,0.38048664,1.0829698,-0.06537469,0.47231266
0.83208525,0.6223184,0.035591632,1.0240463,-0.1893779,0.449256
0.72267425,0.2958981,-0.30137154,0.9870498,-0.30887672,0.47989556
0.5883853,-0.118099116,-0.6198199,0.9024453,-0.42170557,0.57005084
0.4458197,-0.45574048,-0.8574444,0.79151905,-0.5311646,0.39634418
0.29533643,-0.6897957,-0.9785678,0.65881574,-0.635499,0.52741253
0.13010341,-0.9097128,-1.0001698,0.49983308,-0.71425825,0.5181243
-0.045584675,-1.0322185,-0.9028632,0.31947678,-0.7981186,0.5564575
-0.20325418,-0.9549942,-0.73303574,0.11596559,-0.8637616,0.519723
-0.3394264,-0.76658815,-0.48753077,-0.10914081,-0.9204606,0.40369558
-0.4952855,-0.47471422,-0.1607517,-0.20442358,-0.96260905,0.5349053
-0.6162877,-0.098113365,0.237547,-0.42824742,-0.9897837,0.33596218
-0.7355297,0.26498437,0.5498791,-0.6087471,-1.0027212,0.33269155
-0.8367118,0.5875407,0.7561874,-0.70584065,-1.0001086,0.34138703
-0.9100624,0.83914983,0.9212479,-0.8344505,-0.9801292,0.35686222
-0.9520615,0.97282255,0.9956278,-0.94718194,-0.9420344,0.39486727
-1.010101,0.98882985,0.9927167,-0.98237747,-0.87707865,0.35570648
-0.996561,0.85062027,0.9029617,-1.0000266,-0.783364,0.22819431
-0.9890672,0.6352379,0.66909146,-0.9599062,-0.712153,0.22676542
-0.95877963,0.3276809,0.281248,-0.87259996,-0.6651502,0.33984882
-0.9145575,-0.035675943,-0.06555898,-0.7746892,-0.60540664,0.3367937
-0.802197,-0.41804636,-0.37339672,-0.6674429,-0.46807045,0.24694428
-0.6683249,-0.7176239,-0.64599663,-0.5032622,-0.33189285,0.19424216
-0.48798686,-0.8934272,-0.8306291,-0.32779875,-0.217506,0.14289671
-0.3820304,-0.9895454,-0.95599866,-0.13919216,-0.07164095,0.10013289
-0.23611234,-0.95687044,-0.9961292,0.050016727,0.08029308,0.0824264
-0.12547572,-0.7930141,-0.9022106,0.2505964,0.1901904,0.11983557
-0.025430078,-0.48021463,-0.6833097,0.4549251,0.25261313,0.22523287
0.14451517,-0.0611312,-0.43239594,0.626505,0.3541567,0.08195525
0.3272457,0.31140587,-0.14931242,0.7596787,0.4859593,0.21074049
0.49589962,0.6306177,0.1790356,0.86405754,0.5932851,0.2075748
0.6287055,0.79748327,0.5275687,0.9268075,0.6895061,0.23955989
0.7497421,0.9438106,0.80693233,0.962879,0.77226526,0.27422118
0.8389025,1.0177584,0.9973089,0.96892905,0.8331724,0.3140526
0.9688373,0.89032674,1.018773,0.9275931,0.8896936,0.35599995
0.9784948,0.55111843,0.9790162,0.8387838,0.93879485,0.39974105
1.0126303,0.25217563,0.8128129,0.74425244,0.93949753,0.44650385
1.0137616,-0.025088007,0.55152,0.64321816,0.9996943,0.49548823
0.9761337,-0.3661245,0.23828565,0.48737308,1.0122095,0.5457903
0.89959985,-0.72005105,-0.11792243,0.28301638,1.0159023,0.5971906
0.84365314,-0.9259321,-0.43670195,0.19691546,0.97077346,0.664478
0.8100735,-0.96302676,-0.69110674,-0.07710056,0.86974347,0.7487589
0.69461054,-0.91651076,-0.8993629,-0.18351543,0.84939975,0.7771588
0.50424385,-0.735801,-1.0249938,-0.41665578,0.83244985,0.74694914
0.35291025,-0.44603965,-1.0392374,-0.5748751,0.74350166,0.75594175
0.22713332,-0.043923236,-0.9222067,-0.71955955,0.6298862,0.7922407
0.06859826,0.3315726,-0.6971945,-0.8455692,0.5052677,0.79699296
-0.10407624,0.66329527,-0.3455039,-0.9443152,0.3733261,0.7846899
-0.2654497,0.9050037,-0.008014569,-0.9974606,0.24648881,0.7801337
-0.41927564,1.0032917,0.3058117,-1.0789149,0.13414711,0.7770731
-0.5377367,1.0220621,0.6217119,-0.9422647,0.021178886,0.7692007
-0.6672847,0.874127,0.79842216,-0.84365994,-0.08495816,0.7599313
-0.7829995,0.6334425,0.9378076,-0.8713827,-0.20202568,0.7429275
-0.85722136,0.2733785,0.9765761,-0.67674804,-0.33141187,0.7174263
-0.95592546,-0.08769846,0.9019757,-0.5636906,-0.4566804,0.6712392
-0.9858434,-0.4911239,0.69869477,-0.4011948,-0.58157444,0.63619167
-1.0128849,-0.7689136,0.461785,-0.22548845,-0.6858191,0.6061808
-1.007889,-0.8953469,0.1858059,-0.034863725,-0.7649119,0.59527254
-0.970677,-0.9649431,-0.14362712,0.14339766,-0.8305489,0.5892727
-0.89881206,-0.9275043,-0.50511754,0.35623208,-0.8758462,0.5944929
-0.8218973,-0.7729516,-0.76959366,0.52285,-0.91641504,0.5995204
-0.7401982,-0.49696997,-0.9158556,0.6541243,-0.9530122,0.6034422
-0.6123871,-0.15086311,-1.0514019,0.78363764,-0.9708094,0.6175599
-0.48831764,0.26768798,-0.9606336,0.9005264,-0.97277784,0.63960284
-0.34609774,0.62227476,-0.84193474,0.982292,-0.967598,0.6490641
-0.20031731,0.8859749,-0.62196565,1.0303506,-0.95373005,0.64566857
-0.019925283,1.0146534,-0.24118476,0.95598316,-0.9180639,0.6225912
0.13162526,0.97148186,0.07450155,0.9248401,-0.88362175,0.57311106
0.31033424,0.8406265,0.38600755,0.83629405,-0.82040393,0.5894926
0.49382234,0.59611726,0.5908504,0.7496216,-0.73470134,0.675471
0.5646826,0.2840021,0.8702326,0.55576795,-0.6495996,0.43442443
0.72208494,-0.083856605,0.9425964,0.41433123,-0.56369984,0.56637657
0.8452127,-0.4280611,0.9888483,0.2218961,-0.39323437,0.5147993
0.9105924,-0.7219406,0.9131835,0.030953187,-0.3259692,0.5104809
0.9718864,-0.9290797,0.73485744,-0.15479614,-0.19703436,0.5130298
0.99647474,-1.0076833,0.4390468,-0.32672456,-0.0729678,0.52587867
1.0079726,-0.89822334,0.08271755,-0.56008077,0.042007074,0.53485906
1.0041913,-0.7854864,-0.22144377,-0.66387445,0.1683603,0.5397472
0.97094166,-0.49337387,-0.54847866,-0.79258007,0.28942785,0.56520426
0.910644,-0.09051541,-0.8265319,-0.87389797,0.41092277,0.60982126
0.81685156,0.2781855,-0.99848574,-0.9436508,0.52195543,0.596813
0.68619704,0.59960884,-1.0333632,-1.0068363,0.6209265,0.5243854
0.5636254,0.8488486,-0.9668246,-0.9789323,0.7117264,0.7466347
0.45014384,0.9720216,-0.7519359,-1.0342692,0.79104924,0.5978348
0.2963729,1.0071694,-0.5689657,-0.84761834,0.8529046,0.6871566
0.11026719,0.91988033,-0.29051003,-0.8023749,0.89580894,0.79694223
0.011198802,0.6607362,0.08384529,-0.61121756,0.9441071,0.65257573
-0.18284051,0.21322504,0.41156965,-0.379951,0.9976251,0.81243587
-0.32426268,-0.14347829,0.69932747,-0.1929107,0.92941386,0.80581963
-0.4678037,-0.40551153,0.87249166,-0.056096215,0.99977946,0.815632
-0.6011031,-0.6819376,0.9358227,0.12946804,0.96819204,0.81968486
-0.7210458,-0.9384656,0.9323534,0.342005,0.922707,0.8135534
-0.81795055,-1.0091957,0.8306599,0.5095362,0.9384246,0.8051121
-0.888092,-0.8879344,0.6499539,0.63974243,0.83359617,0.79483235
-0.9484643,-0.7101524,0.3728385,0.771912,0.7612393,0.77477884
-0.9958308,-0.4381104,0.025191292,0.8932606,0.6585809,0.74641067
-0.94487816,-0.09124765,-0.30350366,0.96377987,0.56028074,0.7217608
-0.97380316,0.30073938,-0.5896671,0.98344296,0.46870208,0.70069367
-0.9217053,0.611501,-0.8130476,0.9617346,0.3695142,0.67822325
-0.8495551,0.8073735,-0.93180066,0.88779545,0.26943234,0.65720385
-0.77103865,0.9605493,-1.0039343,0.80255944,0.1467238,0.6282938
-0.68536484,1.0224227,-0.96336204,0.706708,-0.0734307,0.5907534
-0.54043806,0.90291023,-0.7494854,0.5666042,-0.106141135,0.5514785
-0.42054045,0.58373654,-0.5795435,0.4646694,-0.32087368,0.5082659
-0.2691327,0.2598763,-0.27061713,0.3069511,-0.4040882,0.47597906
-0.11380251,-0.08655,0.092275366,0.12137446,-0.52580655,0.45679313
0.052650638,-0.4298242,0.42517972,-0.06792246,-0.6116162,0.4428297
0.2272293,-0.7236008,0.7123245,-0.26511288,-0.7033428,0.43858975
0.38385275,-0.9292385,0.91540325,-0.447873,-0.7725621,0.43323264
0.5188792,-1.00993,0.99399817,-0.6082241,-0.8287076,0.42609778
0.63285863,-0.96905726,0.97727865,-0.75816536,-0.88313514,0.44367474
0.7163109,-0.77299607,0.8337163,-0.8883061,-0.9363384,0.45033944
0.8373159,-0.4965636,0.6271644,-0.98363835,-0.9499233,0.4601825
0.9974611,-0.12754025,0.3525434,-1.0402628,-0.92384106,0.461743
0.91749644,0.22733738,0.040441815,-1.0678297,-0.9591917,0.47695798
0.9864387,0.59098047,-0.29241323,-0.9921401,-0.9709618,0.5038659
0.9607096,0.83276284,-0.57401204,-0.9193088,-0.961689,0.48156452
0.958784,1.0300406,-0.7708234,-0.82047015,-0.9115285,0.4082976
0.915774,1.0300621,-0.9204944,-0.66067195,-0.8670711,0.6313946
0.8420844,0.8256054,-0.98679066,-0.44623047,-0.8050852,0.51015395
0.7583152,0.59399444,-0.9403988,-0.25676656,-0.7073157,0.556297
0.65975446,0.3100382,-0.7666623,-0.07428656,-0.57080066,0.5545099
0.5399456,-0.046793036,-0.4849944,0.08696841,-0.46488023,0.55962217
0.40179846,-0.4435309,-0.07913791,0.21315184,-0.38880882,0.5686629
0.26025417,-0.66452533,0.26608357,0.43359786,-0.26979923,0.5291007
0.11648103,-0.9027873,0.536142,0.6263776,-0.11404386,0.43932217
-0.057199698,-0.98602176,0.7848645,0.69788325,0.0065301796,0.5867407
-0.23120575,-0.94451755,0.9583668,0.9102799,0.10145583,0.43947977
-0.38595918,-0.79364485,1.0196033,0.9729732,0.21783,0.47038397
-0.5102898,-0.5127694,0.9484717,0.97368526,0.34546012,0.5053902
-0.63527334,-0.1468594,0.80896926,1.0283617,0.44965422,0.556553
-0.727619,0.30551648,0.5833394,1.0126232,0.5346886,0.6341171
-0.8141081,0.6060927,0.30154288,0.9645013,0.6526932,0.6629084
-0.93484646,0.82738656,-0.10769768,0.8535581,0.80126476,0.63640916
-0.93374264,0.96660477,-0.43294126,0.7095591,0.73083895,0.5995631
-1.0137892,0.9937634,-0.6854814,0.49948233,0.8909882,0.5326467
-1.0155718,0.8893173,-0.8885787,0.34315684,0.91573524,0.5049861
-0.9964794,0.63670546,-0.9949881,0.13961893,0.95364344,0.5247857
-0.94906974,0.3130497,-1.0135503,-0.05132712,0.9779772,0.54387516
-0.86989176,-0.090023,-0.92527926,-0.24898729,0.98865277,0.5805306
-0.7699073,-0.45729995,-0.6822968,-0.4513195,0.981173,0.5859032
-0.64882725,-0.7608084,-0.4121267,-0.65697944,0.9543554,0.55224276
-0.5286001,-0.92415607,-0.067498066,-0.72385085,0.90888155,0.5818136
-0.41423893,-1.0180023,0.26197252,-0.9001556,0.84288085,0.6678488
-0.13999288,-0.967239,0.59486127,-0.97162026,0.79128665,0.4571773
-0.026244994,-0.7817018,0.82021314,-1.0177996,0.7567648,0.605065
0.15085016,-0.49948084,0.9702659,-1.0210061,0.65514773,0.5684179
0.27790985,-0.11227129,1.0572866,-0.97605586,0.48901314,0.56559545
0.41939944,0.2254933,0.9686537,-0.88916814,0.4971475,0.5642
0.5653922,0.49150762,0.7037176,-0.81017107,0.3452524,0.5631108
0.68592334,0.76694757,0.4534339,-0.67134446,0.17856616,0.5475159
0.77412045,1.0044743,0.2060351,-0.4956439,0.089028604,0.51620084
0.86061543,1.054691,-0.104640596,-0.32775667,-0.053721435,0.547271
0.9357729,0.89698416,-0.46681342,-0.16865541,-0.17067027,0.64386326
0.9871548,0.6725677,-0.7353124,0.0073839943,-0.2704692,0.4195804
1.0162686,0.34010187,-0.9075916,0.18885337,-0.34131232,0.5714356
1.0113293,-0.02800001,-0.9820032,0.3387702,-0.5252299,0.5412802
0.9680486,-0.4091662,-0.9825112,0.5177793,-0.58613694,0.5608618
0.8792939,-0.7093018,-0.8714044,0.6604379,-0.6939216,0.5327378
0.7535793,-0.8874207,-0.65788895,0.7836859,-0.7707538,0.45442218
0.6526087,-1.001068,-0.38295755,0.90254265,-0.8577601,0.6312938
0.57203025,-1.0267409,-0.016362756,0.96272284,-0.95376265,0.50628215
0.4159115,-0.8504971,0.32637948,0.9963831,-0.91652197,0.536612
0.32526875,-0.4614731,0.6058399,0.98086816,-0.99855345,0.5372465
0.17772733,-0.10613,0.8386196,0.95154023,-0.99361444,0.5296829
0.013985444,0.22942817,0.97676975,0.9056482,-0.9845078,0.5133351
-0.18385072,0.5584399,1.0195329,0.6826326,-0.9532217,0.53517646
-0.3619683,0.8215026,0.94233125,0.5540359,-0.8988434,0.597231
-0.43278393,0.99274397,0.75783026,0.36196956,-0.84875923,0.45986694
-0.57213694,1.0399773,0.45089772,0.19985013,-0.80402,0.5616543
-0.6729478,0.9161398,0.13714199,0.014067946,-0.74289006,0.5433565
-0.7974188,0.5880341,-0.20898737,-0.17945048,-0.6905367,0.5509475
-0.87234426,0.27906168,-0.5329723,-0.3598141,-0.60386443,0.55921996
-0.9036928,-0.02140865,-0.75081986,-0.526542,-0.4867377,0.5681567
-0.990717,-0.37645683,-0.92339855,-0.7197405,-0.40677524,0.5789674
-0.96119004,-0.7374496,-0.99493974,-0.8294588,-0.25841329,0.5914048
-0.9837564,-0.94362867,-0.9628857,-0.8855336,-0.14035687,0.6047585
-0.94739157,-1.0308869,-0.8083907,-0.9760934,-0.02172004,0.6191531
-0.8777162,-0.98782194,-0.56684226,-1.0332203,0.10665581,0.63480586
-0.7922178,-0.78636295,-0.22785117,-1.0306238,0.24047463,0.65159917
-0.70436263,-0.5064963,0.08170121,-0.9992749,0.35509622,0.6669572
-0.58366585,-0.13889547,0.34561244,-0.91235423,0.44952616,0.68061435
-0.45131636,0.22213373,0.6328725,-0.78139234,0.6203961,0.69369483
-0.29669356,0.5471189,0.9061997,-0.5997652,0.686469,0.7054344
-0.14501356,0.9108147,1.0337242,-0.39780027,0.7850512,0.725261
0.0026394222,0.9440413,0.9992323,-0.17684497,0.8539927,0.7540126
0.18862602,0.9772035,0.88688356,0.011059075,0.894376,0.7865194
0.33930412,0.8533853,0.65735817,0.15157749,0.901076,0.8253387
0.49102563,0.63795155,0.47734615,0.32683358,0.95670444,0.78852123
0.6173741,0.32390988,0.07249008,0.52243316,0.9553024,0.6676774
0.7214178,-0.024054706,-0.2501114,0.67852026,0.9740832,0.66167074
0.79522395,-0.39213994,-0.57033616,0.80312014,0.9835187,0.76329714
0.88878924,-0.7022169,-0.83145577,0.89628863,0.94969076,0.7678578
0.9455139,-0.920534,-0.99959517,0.9655761,0.9094049,0.705616
0.99304605,-1.007232,-0.8253016,1.0004357,0.83531797,0.69038844
1.0156219,-0.9163897,-0.9162741,1.0044732,0.7347268,0.69335276
1.0015688,-0.7551329,-0.7410011,0.9141866,0.6733359,0.6773621
0.94585276,-0.4955556,-0.5610859,0.91725266,0.5760995,0.6554993
0.8546824,-0.16546206,-0.2545839,0.70144385,0.47438055,0.64841974
0.7218236,0.22024012,0.16311577,0.5502682,0.3473872,0.6539568
0.6085953,0.5668497,0.4840742,0.43373713,0.2906822,0.5985252
0.5192652,0.8495946,0.7003113,0.21575448,0.13952029,0.4797155
0.3913598,1.0303224,0.8803505,0.07501305,0.034173265,0.6633756
0.27263978,1.0637062,0.96760976,-0.12996417,-0.07900873,0.4855017
0.16660824,0.9308373,0.9502772,-0.30001432,-0.2005095,0.53028715
-0.018854393,0.6434225,0.8137361,-0.46171448,-0.32917616,0.581756
-0.1804605,0.31653538,0.5981618,-0.6259079,-0.42824128,0.6562719
-0.35693687,-0.038695984,0.29343465,-0.7875377,-0.5606949,0.7658007
-0.51451546,-0.3954611,0.02482833,-0.81663245,-0.65753895,0.67239106
-0.6470486,-0.7118099,-0.27320454,-0.89134264,-0.7372219,0.3530335
-0.7563617,-0.9267476,-0.5595154,-0.9219805,-0.82738197,0.34071463
-0.831438,-1.0020319,-0.8325495,-0.95933294,-0.924913,0.61092144
-0.9094538,-0.9902201,-1.0166013,-0.95306075,-0.9009536,0.6575242
-0.988182,-0.7425627,-1.0365798,-0.9099645,-1.0015703,0.5630155
-0.99612683,-0.47230962,-0.9614899,-0.7568078,-1.0037987,0.60654604
-0.9345885,-0.12956981,-0.7342829,-0.6756869,-0.98870987,0.72068125
-1.0294776,0.2096537,-0.46459216,-0.50581187,-1.0196474,0.64807284
-0.89366263,0.512968,-0.1470836,-0.3142405,-1.003951,0.40593353
-0.8663388,0.7837398,0.18641251,-0.12844726,-0.89900166,0.4089247
-0.8251067,0.98479897,0.5075082,0.07927648,-0.8793272,0.6341963
-0.60757154,1.0087124,0.764875,0.37043568,-0.8053878,0.6622897
-0.50013816,0.8226777,0.9283483,0.48404837,-0.7268652,0.5541993
-0.4483247,0.60620815,1.0194776,0.63063574,-0.6409677,0.5413642
-0.21135488,0.32720315,1.0075617,0.7647806,-0.54459804,0.5635857
-0.07097607,-0.00060266093,0.85561854,0.86598474,-0.44332027,0.55710536
0.07652309,-0.3452167,0.5469937,0.9533308,-0.33744216,0.54880613
0.23843725,-0.67041916,0.28454524,0.9923789,-0.22751328,0.5437461
0.4066074,-0.95185614,0.06786069,0.9826239,-0.11518545,0.5371098
0.5117507,-1.0215704,-0.34650573,0.9682143,0.003342039,0.54355055
0.66746753,-0.9878095,-0.70562756,0.8902875,0.1273499,0.5644868
0.77290356,-0.83521616,-0.890743,0.780582,0.25361788,0.564196
0.8626424,-0.50488627,-0.999022,0.6211645,0.38239527,0.5437024
0.94477963,-0.18923311,-1.0074432,0.4720734,0.4931611,0.5423038
0.9939233,0.12486507,-0.92408085,0.3354631,0.58300817,0.55466574
1.0175046,0.44771934,-0.6926871,0.14059918,0.67436403,0.5568823
1.0056696,0.7365671,-0.31008422,-0.10254048,0.73526585,0.55452985
0.9912958,0.9287141,0.01889789,-0.21057025,0.80553335,0.5715767
0.92437875,0.9968162,0.29040757,-0.39119968,0.87719816,0.6067136
0.84383434,0.91562784,0.5591714,-0.6403335,0.9429887,0.57410884
0.73392546,0.64738727,0.77126884,-0.7455765,1.0073199,0.47116625
0.61571544,0.34009257,0.91152036,-0.8702339,1.0160449,0.7281631
0.49102193,-0.020904552,0.97545177,-0.918384,1.0245229,0.56275356
0.35079193,-0.35558993,0.90235865,-1.0252078,0.98858154,0.6150823
0.2003195,-0.6242707,0.7913831,-0.96973556,0.92024946,0.6255175
0.0406242,-0.86327696,0.5706927,-0.95894265,0.87394524,0.63716644
-0.1276275,-0.95689106,0.2721901,-0.92164457,0.8522762,0.65011257
-0.2723864,-0.93484503,-0.06618676,-0.8509484,0.7288469,0.6639315
-0.38944367,-0.7425745,-0.43794322,-0.75348645,0.6987574,0.6787855
-0.5159932,-0.47763288,-0.73155,-0.6236949,0.5988104,0.68741333
-0.64443487,-0.12196549,-0.91970503,-0.45957434,0.4881158,0.68904483
-0.75974536,0.23409438,-1.0422121,-0.19114588,0.40735838,0.6872155
-0.8662919,0.5666691,-1.0559882,0.025678825,0.2799346,0.67981887
-0.9368477,0.8394743,-0.89037323,0.2534305,0.1586928,0.67243195
-0.966534,1.0135312,-0.7273853,0.4293615,0.032012817,0.6653845
-1.0233963,1.036128,-0.42155465,0.5496855,-0.10508664,0.65402085
-0.99280554,0.86832345,-0.06271854,0.7221362,-0.24843302,0.6395185
-0.9700103,0.67012,0.25363934,0.8110051,-0.37557387,0.62377036
-0.9183158,0.41918606,0.6582068,0.929566,-0.48375127,0.606351
-0.83437246,-0.039908513,0.85437,0.99039894,-0.583252,0.6025435
-0.7183741,-0.4208347,0.85519546,1.0159671,-0.667067,0.61426395
-0.5976153,-0.7368822,0.9980756,1.0090985,-0.7484052,0.60172254
-0.47238767,-0.8707781,0.9543039,0.9635642,-0.8273899,0.56618726
-0.3287405,-0.9574245,0.78967226,0.8730627,-0.89269656,0.5445715
-0.17307565,-0.9343823,0.41871244,0.73521954,-0.94661576,0.53031594
-0.007141262,-0.7738435,0.23483795,0.58852285,-0.9744134,0.4628714
0.16913457,-0.46981212,-0.1532738,0.43352443,-0.9727058,0.34268576
0.31988332,-0.11987856,-0.42916763,0.24586996,-1.0065515,0.5142973
0.4406687,0.28001076,-0.676941,0.034063026,-0.9871909,0.33786175
0.5701589,0.6528642,-0.8427739,-0.1656014,-0.9696398,0.33370817
0.69973767,0.80437,-1.0208843,-0.35134932,-0.9270469,0.28721514
0.80209345,0.95384485,-0.93667793,-0.57020086,-0.8620864,0.2385281
0.8801522,0.9916134,-0.8643676,-0.7400532,-0.7710812,0.18601552
0.944082,0.92238975,-0.6284879,-0.8847166,-0.690324,0.16072705
0.9885346,0.73673904,-0.29461628,-0.9729343,-0.62096894,0.16632584
1.0260147,0.39904633,0.010647915,-1.0166328,-0.5086168,0.18690777
1.0183201,-0.10345712,0.3193668,-1.0021205,-0.42731974,0.23156667
0.98672444,-0.45894814,0.59726644,-0.97290975,-0.3065765,0.29369658
0.9148937,-0.6530449,0.8205474,-0.9275812,-0.166146,0.37350762
0.8196411,-0.8540857,0.95838296,-0.8275837,-0.03832041,0.46102667
0.69759643,-0.9842431,0.9858795,-0.6797253,0.07869298,0.55391085
0.5389677,-0.9564435,0.91807526,-0.5372454,0.20159528,0.62179834
0.46803626,-0.7639335,0.73257124,-0.39861897,0.32315344,0.65743774
0.32986706,-0.5046998,0.49138767,-0.18628322,0.4330401,0.6709879
0.1764901,-0.156952,0.19121009,-0.021686831,0.5308381,0.6507272
0.0024061878,0.19884525,-0.15282372,0.17125067,0.62646073,0.64070034
-0.20105502,0.5396396,-0.5246651,0.3438964,0.7174586,0.641274
-0.369882,0.802368,-0.75592214,0.523848,0.7959904,0.6185689
-0.44778544,0.94580454,-0.9279108,0.7019811,0.86261606,0.5811326
-0.57690233,0.99066544,-1.0015336,0.8420338,0.92193973,0.5680868
-0.7221879,0.896806,-0.9711315,0.94058007,0.9724406,0.5788394
-0.8248647,0.6671744,-0.8146856,1.0104021,1.0056415,0.5860971
-0.89620906,0.28309774,-0.5194662,1.0402619,1.0211202,0.598089
-0.9514217,-0.05561778,-0.21083991,1.0243887,0.9978712,0.654412
-0.9803854,-0.3400747,0.11199117,0.9592099,0.95950747,0.7561457
-0.98562133,-0.64434236,0.4319317,0.89638907,0.965398,0.57192516
-0.9482657,-0.9157367,0.7130678,0.7835631,0.8590467,0.73801637
-0.91470474,-1.0141603,0.8773863,0.63423157,0.803328,0.7151013
-0.879197,-0.91552943,0.9543909,0.43425915,0.74350494,0.7175743
-0.8214043,-0.77462506,0.985941,0.3079461,0.660768,0.7139622
-0.7481128,-0.5518893,0.8639191,0.07554935,0.56048846,0.70116407
-0.6337926,-0.22975531,0.6939313,-0.13549623,0.50445783,0.6767841
-0.45083743,0.17380162,0.43829313,-0.35928732,0.35764927,0.6398335
-0.2762428,0.48610282,0.08621336,-0.43984166,0.23959047,0.6558463
-0.09533424,0.6858735,-0.2345754,-0.66955817,0.103168465,0.7301886
0.052206524,0.98124164,-0.5308125,-0.79753137,-0.019888695,0.49067715
0.15031886,0.9739731,-0.7351044,-0.9224788,-0.12584084,0.6335404
0.43555242,0.8979756,-0.91030455,-0.9976438,-0.2387516,0.54677415
0.50008965,0.6076501,-1.0204619,-1.017528,-0.35222477,0.46022764
0.59135056,0.3175073,-0.89433134,-1.0142171,-0.46082312,0.54859674
0.7567354,0.013934348,-0.76530415,-0.9792926,-0.56692255,0.41824782
0.84829855,-0.32805845,-0.49755952,-0.88753015,-0.6684515,0.39336938
0.9285455,-0.665284,-0.1604995,-0.73830366,-0.76473105,0.34244475
0.99134153,-0.9131138,0.1361742,-0.6072755,-0.83544374,0.30435416
1.0323508,-1.0458475,0.36898115,-0.49440777,-0.8776387,0.28099537
